{
    "mean": {
        "c1": 83.72342045162432,
        "c2": 92.20505311085394,
        "c3": 66.50421923798875
    },
    "std_dev": {
        "c1": 40.078274006754725,
        "c2": 36.16795599937127,
        "c3": 35.052334728431674
    }
}